Designator,Mid X,Mid Y,Rotation,Layer
C1,118.75,-104.475,90.0,top
C2,109.0,-104.225,90.0,top
C3,141.75,-127.25,0.0,top
C4,134.75,-107.0,90.0,top
C5,141.5,-112.5,270.0,top
C6,137.0,-130.23,270.0,top
C7,125.75,-130.23,270.0,top
C8,114.5,-130.24,270.0,top
D1,109.25,-108.5,180.0,top
D10,140.25,-155.4,90.0,top
D11,141.241666,-135.005,270.0,top
D12,139.241666,-134.995,270.0,top
D13,137.5,-155.35,90.0,top
D14,134.75,-155.35,90.0,top
D15,137.241666,-134.995,270.0,top
D16,135.241666,-134.995,270.0,top
D17,132.0,-155.35,90.0,top
D18,129.25,-155.35,90.0,top
D19,132.525,-134.99,270.0,top
D2,131.25,-105.75,90.0,top
D20,130.521667,-134.99,270.0,top
D21,134.75,-167.35,90.0,top
D22,132.0,-167.35,90.0,top
D23,128.518333,-134.99,270.0,top
D24,126.515,-135.0,270.0,top
D25,129.25,-167.35,90.0,top
D26,126.5,-167.35,90.0,top
D27,124.511667,-135.0,270.0,top
D28,122.508333,-135.0,270.0,top
D29,123.75,-167.25,90.0,top
D3,149.241666,-134.995,270.0,top
D30,121.0,-167.25,90.0,top
D31,120.505,-134.995,270.0,top
D32,118.501667,-134.995,270.0,top
D33,118.25,-167.25,90.0,top
D34,115.5,-167.25,90.0,top
D35,114.76,-134.99,270.0,top
D36,112.76,-134.99,270.0,top
D37,120.75,-155.35,90.0,top
D38,118.0,-155.35,90.0,top
D39,110.76,-134.99,270.0,top
D4,147.241666,-134.995,270.0,top
D40,108.76,-134.99,270.0,top
D41,115.25,-155.35,90.0,top
D42,112.5,-155.35,90.0,top
D43,106.76,-134.99,270.0,top
D44,104.76,-134.99,270.0,top
D45,109.75,-155.35,90.0,top
D46,107.0,-155.35,90.0,top
D47,102.76,-134.99,270.0,top
D48,100.75,-134.99,270.0,top
D49,104.25,-155.35,90.0,top
D5,148.5,-155.4,90.0,top
D50,101.5,-155.35,90.0,top
D6,145.75,-155.4,90.0,top
D7,145.241666,-134.995,270.0,top
D8,143.241666,-134.995,270.0,top
D9,143.0,-155.35,90.0,top
F1,125.0,-114.0,180.0,top
J1,125.0,-104.0,0.0,top
J2,147.5,-125.5,270.0,top
J3,102.75,-125.5,90.0,top
J4,139.48,-161.02,270.0,top
J5,124.985,-172.98,270.0,top
J6,110.56,-160.98,270.0,top
L1,113.75,-103.975,180.0,top
R1,113.075,-108.75,180.0,top
R10,135.75,-122.25,90.0,top
R11,134.75,-122.25,90.0,top
R12,144.241666,-134.995,270.0,top
R13,142.241666,-134.995,270.0,top
R14,135.75,-119.75,270.0,top
R15,134.75,-119.75,270.0,top
R16,133.75,-122.25,90.0,top
R17,132.75,-122.25,90.0,top
R18,140.241666,-134.995,270.0,top
R19,138.251666,-134.995,270.0,top
R2,138.5,-126.0,0.0,top
R20,133.75,-119.75,270.0,top
R21,132.75,-119.75,270.0,top
R22,131.75,-122.24,90.0,top
R23,130.75,-122.26,90.0,top
R24,136.241666,-134.995,270.0,top
R25,134.241666,-134.995,270.0,top
R26,131.75,-119.75,270.0,top
R27,130.75,-119.75,270.0,top
R28,126.75,-130.25,270.0,top
R29,125.5,-122.26,90.0,top
R3,138.5,-123.75,0.0,top
R30,131.523333,-134.99,270.0,top
R31,129.52,-134.99,270.0,top
R32,127.75,-130.25,90.0,top
R33,125.5,-119.75,270.0,top
R34,124.5,-122.25,90.0,top
R35,123.5,-122.25,90.0,top
R36,127.516667,-135.0,270.0,top
R37,125.513333,-135.0,270.0,top
R38,124.5,-119.75,270.0,top
R39,123.5,-119.75,270.0,top
R4,138.0,-130.25,270.0,top
R40,122.5,-122.25,90.0,top
R41,121.5,-122.25,90.0,top
R42,123.51,-135.0,270.0,top
R43,121.506667,-135.0,270.0,top
R44,122.5,-119.75,270.0,top
R45,121.5,-119.75,270.0,top
R46,120.5,-122.25,90.0,top
R47,119.5,-122.25,90.0,top
R48,119.503333,-134.99,270.0,top
R49,117.5,-134.99,270.0,top
R5,136.75,-122.24,90.0,top
R50,120.5,-119.75,270.0,top
R51,119.5,-119.75,270.0,top
R52,115.5,-130.24,270.0,top
R53,114.25,-122.24,90.0,top
R54,115.75,-134.99,270.0,top
R55,113.75,-134.99,270.0,top
R56,116.5,-130.25,90.0,top
R57,114.25,-119.75,270.0,top
R58,113.25,-122.24,90.0,top
R59,112.25,-122.23,90.0,top
R6,148.241666,-134.995,270.0,top
R60,111.75,-134.99,270.0,top
R61,109.75,-134.99,270.0,top
R62,113.25,-119.75,270.0,top
R63,112.25,-119.75,270.0,top
R64,111.25,-122.24,90.0,top
R65,110.25,-122.24,90.0,top
R66,107.75,-134.99,270.0,top
R67,105.75,-134.99,270.0,top
R68,111.25,-119.75,270.0,top
R69,110.25,-119.75,270.0,top
R7,146.241666,-134.995,270.0,top
R70,109.25,-122.24,90.0,top
R71,108.25,-122.24,90.0,top
R72,103.74,-134.99,270.0,top
R73,101.74,-134.99,270.0,top
R74,109.25,-119.75,270.0,top
R75,108.25,-119.75,270.0,top
R76,141.5,-103.5,270.0,top
R8,139.0,-130.25,90.0,top
R9,136.75,-119.75,270.0,top
U1,107.54,-116.5,0.0,top
U10,130.5,-148.55,180.0,top
U11,126.905,-140.725,180.0,top
U12,123.5,-148.5,180.0,top
U13,119.75,-140.75,180.0,top
U14,116.655,-148.525,180.0,top
U15,112.75,-140.75,180.0,top
U16,109.655,-148.525,180.0,top
U17,105.655,-140.725,180.0,top
U2,141.85,-124.8,0.0,top
U3,133.7975,-127.3875,180.0,top
U4,122.525,-127.3875,180.0,top
U5,111.2525,-127.3875,180.0,top
U6,144.75,-148.5,180.0,top
U7,141.25,-140.7,180.0,top
U8,137.5,-148.5,180.0,top
U9,134.0,-140.7,180.0,top
